Free Bird,Lynyrd Skynyrd,1973,E Standard,Rock Hits 1,01.11.11,Classic Rock Pack,"October 17, 2012"
Bodysnatchers,Radiohead,2007,Drop D,Rock Hits 1,01.11.11,None,28.09.12
Tighten Up,The Black Keys,2010,E Standard,Rock Hits 1,01.11.11,None,"January 8, 2013"
Smoke on the Water,Deep Purple,1997,E Standard,Rock Hits 70s,15.11.11,Classic Rock Pack,"October 17, 2012"
More than a Feeling,Boston,1976,E Standard,Rock Hits 70s,15.11.11,Classic Rock Pack,"October 17, 2012"
Jessica,The Allman Brothers Band,1973,E Standard,Rock Hits 70s + The Allman Brothers Band pack,15.11.11,The Allman Brothers Band pack,27.11.12
Cousins,Vampire Weekend,2010,E Standard,Rock Hits 2,29.11.11,Alternative Rock,13.11.12
20th Century Boy,T. Rex,1973,E Standard: A443,Rock Hits 2,29.11.11,None,28.09.12
I Hate Everything About You,Three Days Grace,2004,Drop D,Rock Hits 2,29.11.11,Metal Rock Pack,"December 11, 2012"
Symphony of Destruction,Megadeth,1992,E Standard,Megadeth Song Pack,"December 13, 2011",Megadeth Song Pack,28.09.12
Hangar 18,Megadeth,1990,E Standard,Megadeth Song Pack,"December 13, 2011",Megadeth Song Pack,28.09.12
Public Enemy No. 1,Megadeth,2011,E Standard,Megadeth Song Pack,"December 13, 2011",Megadeth Song Pack + Metal Rock Pack,"December 11, 2012"
Carol of the Bells,Seth Chapla,2011,E Standard,Holiday Song Pack,"December 20, 2011",Holiday Song Pack,"December 18, 2012"
"God Rest Ye Merry, Gentlemen",Brian Adam McCune,2011,E Standard,Holiday Song Pack,"December 20, 2011",Holiday Song Pack,"December 18, 2012"
We Three Kings,Versus Them,2011,E Standard,Holiday Song Pack,"December 20, 2011",Holiday Song Pack,"December 18, 2012"
Just Got To Be,The Black Keys,2006,E Standard,The Black Keys Song Pack,"December 27, 2011",The Black Keys Song Pack + Alternative Pack,27.11.12
Mind Eraser,The Black Keys,2011,E Standard,The Black Keys Song Pack,"December 27, 2011",The Black Keys Song Pack + Alternative Pack,27.11.12
Gold on the Ceiling,The Black Keys,2011,Drop D,The Black Keys Song Pack,"December 27, 2011",The Black Keys Song Pack + Alternative Pack,27.11.12
(Don't Fear) The Reaper,Blue Öyster Cult,1976,E Standard,Rock Hits 60s-70s + Blue Öyster Cult Song Pack,"January 17, 2012",Blue Öyster Cult Song Pack + Classic Rock Pack,"October 17, 2012"
Space Oddity,David Bowie,1969,E Standard,Rock Hits 60s-70s,"January 17, 2012",None,27.11.12
Barracuda,Heart,1977,E Standard,Rock Hits 60s-70s,"January 17, 2012",Classic Rock Pack,"October 17, 2012"
Jeremy,Pearl Jam,1991,E Standard,Pearl Jam Song Pack,"February 7, 2012",Pearl Jam Song Pack + Alternative Pack,27.11.12
Black,Pearl Jam,1991,E Standard,Pearl Jam Song Pack,"February 7, 2012",Pearl Jam Song Pack,"December 18, 2012"
Dammit,Blink-182,1997,E Standard,Blink-182 Song Pack,"February 21, 2012",Blink-182 Song Pack,28.09.12
All The Small Things,Blink-182,2000,E Standard,Blink-182 Song Pack,"February 21, 2012",Blink-182 Song Pack,28.09.12
What's My Age Again?,Blink-182,1999,E Standard,Blink-182 Song Pack,"February 21, 2012",Blink-182 Song Pack,28.09.12
Kryptonite,3 Doors Down,2000,E Standard,3 Doors Down Song Pack,"March 6, 2012",None,28.09.12
Loser,3 Doors Down,2000,E Standard,3 Doors Down Song Pack,"March 6, 2012",Alternative Pack,27.11.12
When I'm Gone,3 Doors Down,2002,E Standard,3 Doors Down Song Pack,"March 6, 2012",Alternative Pack,27.11.12
The Thrill is Gone,B.B. King,1969,E Standard,Blues Hits,"March 20, 2012",None,28.09.12
Born Under a Bad Sign,Albert King with Stevie Ray Vaughan,1967,E Standard,Blues Hits,"March 20, 2012",None,"October 17, 2012"
Soul Man,The Blues Brothers,1978,E Standard,Blues Hits,"March 20, 2012",Classic Rock Pack,"October 17, 2012"
Bring Me to Life,Evanescence,2003,E Standard,Rock Hits 3,03.04.12,Metal Rock Pack,"December 11, 2012"
Pumped Up Kicks,Foster the People,2011,E Standard,Rock Hits 3,03.04.12,None,28.09.12
This Love,Maroon 5,2002,E Standard,Rock Hits 3,03.04.12,None,"October 17, 2012"
Breaking the Law,Judas Priest,1980,E Standard,Judas Priest Song Pack,17.04.12,Judas Priest Song Pack + Metal Rock Pack,"December 11, 2012"
Living After Midnight,Judas Priest,1980,E Standard,Judas Priest Song Pack,17.04.12,Judas Priest Song Pack + Metal Rock Pack,"December 11, 2012"
Painkiller,Judas Priest,1990,E Standard,Judas Priest Song Pack,17.04.12,Judas Priest Song Pack + Metal Rock Pack,"December 11, 2012"
Roxanne,The Police,1978,E Standard,The Police Song Pack,"May 1, 2012",Classic Rock Pack,"October 17, 2012"
Message in a Bottle,The Police,1979,E Standard,The Police Song Pack,"May 1, 2012",Classic Rock Pack,"October 17, 2012"
Synchronicity II,The Police,1983,E Standard,The Police Song Pack,"May 1, 2012",Classic Rock Pack,"October 17, 2012"
Gone Away,The Offspring,1997,E Standard,The Offspring Song Pack,"May 15, 2012",Offspring Song Pack + Alternative Pack,27.11.12
Come Out and Play (Keep 'Em Separated),The Offspring,1994,E Standard,The Offspring Song Pack,"May 15, 2012",Offspring Song Pack + Alternative Pack,27.11.12
Self Esteem,The Offspring,1994,E Standard,The Offspring Song Pack,"May 15, 2012",Offspring Song Pack + Alternative Pack,27.11.12
Planetary (GO!),My Chemical Romance,2011,E Standard,My Chemical Romance Song Pack,"May 29, 2012",My Chemical Romance Song Pack,"October 17, 2012"
Welcome To The Black Parade,My Chemical Romance,2006,E Standard,My Chemical Romance Song Pack,"May 29, 2012",My Chemical Romance Song Pack,"October 17, 2012"
Na Na Na (Na Na Na Na Na Na Na Na Na),My Chemical Romance,2010,E Standard,My Chemical Romance Song Pack,"May 29, 2012",My Chemical Romance Song Pack,"October 17, 2012"
Keep Yourself Alive,Queen,1973,E Standard,Queen Song Pack,"June 12, 2012",Classic Rock Pack,"October 17, 2012"
Bohemian Rhapsody,Queen,1975,E Standard,Queen Song Pack,"June 12, 2012",Classic Rock Pack,"October 17, 2012"
Fat Bottomed Girls,Queen,1978,Drop D: A445,Queen Song Pack,"June 12, 2012",Classic Rock Pack,"October 17, 2012"
Killer Queen,Queen,1974,E Standard,Queen Song Pack,"June 12, 2012",Classic Rock Pack,"October 17, 2012"
Stone Cold Crazy,Queen,1974,E Standard,Queen Song Pack,"June 12, 2012",Classic Rock Pack,"October 17, 2012"
Godzilla,Blue Öyster Cult,1977,E Standard,Rock Hits 4 + Blue Öyster Cult Song Pack,"June 26, 2012",Blue Öyster Cult Song Pack,"October 17, 2012"
My Sharona,The Knack,1979,E Standard,Rock Hits 4,"June 26, 2012",None,"October 17, 2012"
Hit Me with Your Best Shot,Pat Benatar,1980,E Standard,Rock Hits 4,"June 26, 2012",None,28.09.12
Redneck,Lamb of God,2006,Drop D,Rock Hits 5,"July 10, 2012",2000 Rock Hits 01,"December 11, 2012"
I Believe in a Thing Called Love,The Darkness,2003,E Standard,Rock Hits 5,"July 10, 2012",2000 Rock Hits 01,"October 17, 2012"
Paralyzer,Finger Eleven,2006,E Standard,Rock Hits 5,"July 10, 2012",2000 Rock Hits 01,"October 17, 2012"
My Girl,The Temptations,1964,E Standard,Soul Hits,"July 24, 2012",None,"October 17, 2012"
(Sittin' On) The Dock of the Bay,Otis Redding,1967,E Standard,Soul Hits,"July 24, 2012",Classic Rock Pack,"October 17, 2012"
What's Going On,Marvin Gaye,1971,E Standard,Soul Hits,"July 24, 2012",None,"October 17, 2012"
Born on the Bayou,Creedence Clearwater Revival,1969,E Standard,Rock Hits 60's,21.08.12,None,"December 18, 2012"
In-A-Gadda-Da-Vida,Iron Butterfly,1968,E Standard,Rock Hits 60's,21.08.12,None,"January 8, 2013"
Whipping Post,The Allman Brothers Band,1969,E Standard,Rock Hits 60's + The Allman Brothers Band pack,21.08.12,The Allman Brothers Band pack,"January 8, 2013"
Mississippi Queen,Mountain,1970,E Standard,Rock Hits 70's 2,04.09.12,None,27.11.12
Drift Away,Dobie Gray,1972,E Standard,Rock Hits 70's 2,04.09.12,None,27.11.12
The Man Who Sold The World (song),David Bowie,1970,E Standard,Rock Hits 70's 2,04.09.12,None,27.11.12
We're Not Gonna Take It,Twisted Sister,1984,E Standard,Rock Hits 80's,18.09.12,None,27.11.12
The Final Countdown,Europe,1986,E Standard,Rock Hits 80's,18.09.12,None,27.11.12
Is This Love,Whitesnake,1987,E Standard,Rock Hits 80's,18.09.12,None,27.11.12
Caring Is Creepy,The Shins,2001,E Standard,Indie Rock Hits,"October 2, 2012",None,"October 3, 2012"
Bright Lights,Gary Clark Jr.,2010,E Standard,Indie Rock Hits,"October 2, 2012",None,"October 3, 2012"
Paris (Ooh La La),Grace Potter and the Nocturnals,2010,E Standard,Indie Rock Hits,"October 2, 2012",None,"October 3, 2012"
Beast and the Harlot,Avenged Sevenfold,2005,Drop D,Avenged Sevenfold Song Pack,"October 30, 2012",Metal Rock Pack,"October 30, 2012"
Afterlife,Avenged Sevenfold,2007,Drop D,Avenged Sevenfold Song Pack,"October 30, 2012",Metal Rock Pack,"October 30, 2012"
Nightmare,Avenged Sevenfold,2010,Drop D,Avenged Sevenfold Song Pack,"October 30, 2012",Metal Rock Pack,"October 30, 2012"
Limelight,Rush,1981,E Standard,Rush Song Pack,13.11.12,Rush Song Pack + Alternative Pack,13.11.12
Red Barchetta,Rush,1981,E Standard,Rush Song Pack,13.11.12,Rush Song Pack + Alternative Pack,13.11.12
Subdivisions,Rush,1982,E Standard,Rush Song Pack,13.11.12,Rush Song Pack + Alternative Pack,13.11.12
Tom Sawyer,Rush,1981,E Standard,Rush Song Pack,13.11.12,Rush Song Pack + Alternative Pack,13.11.12
YYZ,Rush,1981,E Standard,Rush Song Pack,13.11.12,Rush Song Pack + Alternative Pack,13.11.12
Headlong Flight,Rush,2012,E Standard,None,13.11.12,None,13.11.12
Give Up the Funk (Tear the Roof off the Sucker),Parliament,1976,E Standard,Funk Hits,27.11.12,None,27.11.12
Good Times,Chic,1979,E Standard,Funk Hits,27.11.12,None,27.11.12
Super Freak,Rick James,1981,E Standard,Funk Hits,27.11.12,None,27.11.12
Cowboys from Hell,Pantera,1990,E Standard,Pantera Song Pack,"December 4, 2012",Pantera Song Pack,"December 4, 2012"
Domination,Pantera,1990,E Standard,Pantera Song Pack,"December 4, 2012",Pantera Song Pack,"December 4, 2012"
Walk,Pantera,1992,Drop D,Pantera Song Pack,"December 4, 2012",Pantera Song Pack,"December 4, 2012"
How You Remind Me,Nickelback,2001,Drop D,Nickelback Song Pack,"December 11, 2012",Nickelback Song Pack,"December 11, 2012"
Rockstar,Nickelback,2006,E Standard,Nickelback Song Pack,"December 11, 2012",Nickelback Song Pack,"December 11, 2012"
Bottoms Up,Nickelback,2011,Drop D,Nickelback Song Pack,"December 11, 2012",Nickelback Song Pack,"December 11, 2012"
Best of You,Foo Fighters,2005,E Standard,Foo Fighters,"December 18, 2012",Foo Fighters,"December 18, 2012"
My Hero,Foo Fighters,1998,E Standard,Foo Fighters,"December 18, 2012",Foo Fighters,"December 18, 2012"
Times Like These,Foo Fighters,2003,E Standard,Foo Fighters,"December 18, 2012",Foo Fighters,"December 18, 2012"
Walk,Foo Fighters,2011,E Standard,Foo Fighters,"December 18, 2012",Foo Fighters,"December 18, 2012"
Wheels,Foo Fighters,2009,E Standard,Foo Fighters,"December 18, 2012",Foo Fighters,"December 18, 2012"
Black Magic Woman/Gypsy Queen,Santana,1970,E Standard,Santana,"January 8, 2013",Santana,"January 8, 2013"
Oye Como Va,Santana,1970,E Standard,Santana,"January 8, 2013",Santana,"January 8, 2013"
Smooth,Santana feat. Rob Thomas,1999,E Standard,Santana,"January 8, 2013",Santana,"January 8, 2013"
Cliffs of Dover,Eric Johnson,1990,E Standard,Rock Hits 90s,"January 15, 2013",Rock Hits 90s,"January 15, 2013"
No Rain,Blind Melon,1992,E Standard,Rock Hits 90s,"January 15, 2013",Rock Hits 90s,"January 15, 2013"
Alive,Pearl Jam,1991,E Standard,Rock Hits 90s + Pearl Jam Song Pack,"January 15, 2013",Rock Hits 90s + Pearl Jam Song Pack,"January 15, 2013"
Juicebox,The Strokes,2006,E Standard,The Strokes,"January 22, 2013",The Strokes,"January 22, 2013"
Last Nite,The Strokes,2001,E Standard,The Strokes,"January 22, 2013",The Strokes,"January 22, 2013"
Reptilia,The Strokes,2003,E Standard,The Strokes,"January 22, 2013",The Strokes,"January 22, 2013"
American Woman,The Guess Who,1970,E Standard,Rock Hits 60s-70s 2,"January 29, 2013",Rock Hits 60s-70s 2,"January 29, 2013"
Born to Be Wild,Steppenwolf,1968,E Standard,Rock Hits 60s-70s 2,"January 29, 2013",Rock Hits 60s-70s 2,"January 29, 2013"
Surrender,Cheap Trick,1978,E Standard,Rock Hits 60s-70s 2,"January 29, 2013",Rock Hits 60s-70s 2,"January 29, 2013"
America's Suitehearts,Fall Out Boy,2008,Drop D,Fall Out Boy,"February 5, 2013",Fall Out Boy,"February 5, 2013"
"Dance, Dance",Fall Out Boy,2005,E Standard,Fall Out Boy,"February 5, 2013",Fall Out Boy,"February 5, 2013"
I Don't Care,Fall Out Boy,2008,E Standard,Fall Out Boy,"February 5, 2013",Fall Out Boy,"February 5, 2013"
"Sugar, We're Goin Down",Fall Out Boy,2005,Drop D,Fall Out Boy,"February 5, 2013",Fall Out Boy,"February 5, 2013"
Thnks fr th Mmrs,Fall Out Boy,2007,Drop D,Fall Out Boy,"February 5, 2013",Fall Out Boy,"February 5, 2013"
London Calling,The Clash,1979,E Standard,The Clash,"February 12, 2013",The Clash,"February 12, 2013"
Guns of Brixton,The Clash,1979,E Standard,The Clash,"February 12, 2013",The Clash,"February 12, 2013"
Should I Stay or Should I Go,The Clash,1982,E Standard,The Clash,"February 12, 2013",The Clash,"February 12, 2013"
Black Betty,Ram Jam,1977,E Standard,Rock Hits 70s & 80s,"February 19, 2013",Rock Hits 70s & 80s,"February 19, 2013"
Carry On Wayward Son,Kansas,1976,E Standard,Rock Hits 70s & 80s,"February 19, 2013",Rock Hits 70s & 80s,"February 19, 2013"
You've Got Another Thing Comin',Judas Priest,1982,E Standard,Rock Hits 70s & 80s,"February 19, 2013",Rock Hits 70s & 80s,"February 19, 2013"
Wish You Were Here,Incubus,2001,E Standard,Incubus,"February 26, 2013",Incubus,"February 26, 2013"
Anna Molly,Incubus,2006,E Standard,Incubus,"February 26, 2013",Incubus,"February 26, 2013"
Love Hurts,Incubus,2008,E Standard,Incubus,"February 26, 2013",Incubus,"February 26, 2013"
Burnin' For You,Blue Öyster Cult,1981,E Standard,Rock Hits 80s 2 + Blue Öyster Cult Song Pack,"March 5, 2013",Rock Hits 80s 2 + Blue Öyster Cult Song Pack,"March 5, 2013"
Blister in the Sun,Violent Femmes,1983,E Standard,Rock Hits 80s 2,"March 5, 2013",Rock Hits 80s 2,"March 5, 2013"
Cult of Personality,Living Colour,1988,E Standard,Rock Hits 80s 2,"March 5, 2013",Rock Hits 80s 2,"March 5, 2013"
Lovesong,The Cure,1989,E Standard,The Cure Song Pack,"March 19, 2013",The Cure Song Pack,"March 19, 2013"
Just Like Heaven,The Cure,1987,E Standard,The Cure Song Pack,"March 19, 2013",The Cure Song Pack,"March 19, 2013"
The End of the World,The Cure,2004,E Standard: A445,The Cure Song Pack,"March 19, 2013",The Cure Song Pack,"March 19, 2013"
Have You Ever Seen the Rain,Creedence Clearwater Revival,1970,E Standard,Rock Hits 1970s 2,02.04.13,Rock Hits 1970s 2,02.04.13
Southbound,The Allman Brothers Band,1973,E Standard,Rock Hits 1970s 2 + The Allman Brothers Band pack,02.04.13,Rock Hits 1970s 2 + The Allman Brothers Band pack,02.04.13
Ballroom Blitz,Sweet,1973,E Standard,Rock Hits 1970s 2,02.04.13,Rock Hits 1970s 2,02.04.13
Get Free,The Vines,2002,E Standard,Rock Hits 00's,16.04.13,Rock Hits 00s,16.04.13
The Good Left Undone,Rise Against,2007,E♭ Standard,Rock Hits 00's,16.04.13,Rock Hits 00s,16.04.13
Float On,Modest Mouse,2004,E Standard,Rock Hits 00's,16.04.13,Rock Hits 00's,16.04.13
White Wedding,Billy Idol,1982,E Standard,Rock Hits 80s 3,30.04.13,Rock Hits 80s 3,30.04.13
Eye Of The Tiger,Survivor,1982,E Standard,Rock Hits 80s 3,30.04.13,Rock Hits 80s 3,30.04.13
Here Comes Your Man,The Pixies,1989,E Standard,Rock Hits 80s 3,30.04.13,Rock Hits 80s 3,30.04.13
Misery,Maroon 5,2011,E Standard,Maroon 5 Pack,"May 14, 2013",Maroon 5 Pack,"May 14, 2013"
Harder to Breathe,Maroon 5,2002,E Standard,Maroon 5 Pack,"May 14, 2013",Maroon 5 Pack,"May 14, 2013"
She Will Be Loved,Maroon 5,2002,E Standard,Maroon 5 Pack,"May 14, 2013",Maroon 5 Pack,"May 14, 2013"
Call Me,Blondie,1980,E Standard,Rock Hits '80's #4,"May 28, 2013",Rock Hits '80's #4,"May 28, 2013"
867-5309/Jenny,Tommy Tutone,1982,E Standard,Rock Hits '80's #4,"May 28, 2013",Rock Hits '80's #4,"May 28, 2013"
Jessie's Girl,Rick Springfield,1981,E Standard,Rock Hits '80's #4,"May 28, 2013",Rock Hits '80's #4,"May 28, 2013"
25 or 6 to 4,Chicago,1970,E Standard,None,"October 22, 2013",None,
The Sky Is Crying,Albert King,1969,E Standard,None,"October 22, 2013",None,
Cherub Rock,The Smashing Pumpkins,1993,E Standard,None,"October 22, 2013",None,
Elephant,Tame Impala,2012,D Standard,None,"October 22, 2013",None,
"Mind Eraser, No Chaser",Them Crooked Vultures,2009,E Standard,None,"October 22, 2013",None,
Hate To Say I Told You So,The Hives,2000,E Standard,None,"October 22, 2013",None,
My God Is the Sun,Queens Of The Stone Age,2013,E Standard,None,"October 22, 2013",None,
Ho Hey,The Lumineers,2012,E Standard,None,"October 22, 2013",None,
1979,The Smashing Pumpkins,1996,E♭ Standard,The Smashing Pumpkins Song Pack,"October 29, 2013",None,
"Tonight, Tonight",The Smashing Pumpkins,1996,E♭ Standard,The Smashing Pumpkins Song Pack,"October 29, 2013",None,
Today,The Smashing Pumpkins,1993,E Standard,The Smashing Pumpkins Song Pack,"October 29, 2013",None,
Disarm,The Smashing Pumpkins,1994,E Standard,The Smashing Pumpkins Song Pack,"October 29, 2013",None,
Bullet with Butterfly Wings,The Smashing Pumpkins,1995,E♭ Standard,The Smashing Pumpkins Song Pack,"October 29, 2013",None,
Aces High,Iron Maiden,1984,E Standard,Iron Maiden Song Pack,05.11.13,None,
2 Minutes To Midnight,Iron Maiden,1984,E Standard,Iron Maiden Song Pack,05.11.13,None,
Fear of the Dark,Iron Maiden,1993,E Standard,Iron Maiden Song Pack,05.11.13,None,
The Number of the Beast,Iron Maiden,1982,E Standard,Iron Maiden Song Pack,05.11.13,None,
Run to the Hills,Iron Maiden,1982,E Standard,Iron Maiden Song Pack,05.11.13,None,
Thrill,Hotei,1995,E Standard,Hotei Song Pack,05.11.13,None,
Battle Without Honor or Humanity,Hotei,2003,E Standard,Hotei Song Pack,05.11.13,None,
Bambina,Hotei,1999,E Standard,Hotei Song Pack,05.11.13,None,
Check My Brain,Alice in Chains,2009,E♭ Standard,Alice in Chains Song Pack,12.11.13,None,
Hollow,Alice in Chains,2012,E♭ Drop D♭,Alice in Chains Song Pack,12.11.13,None,
Man in the Box,Alice in Chains,1991,E♭ Standard,Alice in Chains Song Pack,12.11.13,None,
Them Bones,Alice in Chains,1992,E♭ Drop D♭,Alice in Chains Song Pack,12.11.13,None,
Would?,Alice in Chains,1992,E♭ Standard,Alice in Chains Song Pack,12.11.13,None,
American Idiot,Green Day,2004,E Standard,Green Day Song Pack,19.11.13,None,
Basket Case,Green Day,1994,E♭ Standard,Green Day Song Pack,19.11.13,None,
Oh Love,Green Day,2012,E Standard,Green Day Song Pack,19.11.13,None,
"Easy Come, Easy Go!",B'z,1990,E Standard,B'z Song Pack,19.11.13,None,
Giri Giri chop,B'z,1999,E Standard,B'z Song Pack,19.11.13,None,
juice,B'z,2000,E Standard,B'z Song Pack,19.11.13,None,
My Iron Lung,Radiohead,1994,EGDGBD,Radiohead Song Pack,26.11.13,None,
Creep,Radiohead,1992,E Standard,Radiohead Song Pack,26.11.13,None,
Karma Police,Radiohead,1997,E Standard,Radiohead Song Pack,26.11.13,None,
Optimistic,Radiohead,2000,DADFCd,Radiohead Song Pack,26.11.13,None,
Just,Radiohead,1995,E Standard,Radiohead Song Pack,26.11.13,None,
Baba O'Riley,The Who,1971,E Standard: A454,The Who Song Pack,"December 3, 2013",None,
Behind Blue Eyes,The Who,1971,E Standard: A447,The Who Song Pack,"December 3, 2013",None,
Who Are You,The Who,1978,E Standard,The Who Song Pack,"December 3, 2013",None,
Pinball Wizard,The Who,1969,E Standard,The Who Song Pack,"December 3, 2013",None,
The Seeker,The Who,1970,E Standard,The Who Song Pack,"December 3, 2013",None,
Liar,One Ok Rock,2010,E♭ Drop D♭,None,"December 3, 2013",None,
NO SCARED,One Ok Rock,2011,E♭ Drop D♭,None,"December 3, 2013",None,
Yasashiku Naritai,Kazuyoshi Saito,2011,E♭ Drop D♭,None,"December 3, 2013",None,
Down with the Sickness,Disturbed,1999,E♭ Drop D♭,Disturbed Song Pack,"December 10, 2013",None,
Asylum,Disturbed,2010,E♭ Standard,Disturbed Song Pack,"December 10, 2013",None,
Voices,Disturbed,2000,E♭ Drop D♭,Disturbed Song Pack,"December 10, 2013",None,
Hysteria,Muse,2003,E Standard,Muse Song Pack,"December 17, 2013",None,
Time Is Running Out,Muse,2003,E Standard,Muse Song Pack,"December 17, 2013",None,
Supermassive Black Hole,Muse,2006,E Standard,Muse Song Pack,"December 17, 2013",None,
Stockholm Syndrome,Muse,2003,Drop D,Muse Song Pack,"December 17, 2013",None,
Muscle Museum,Muse,1999,E Standard,Muse Song Pack,"December 17, 2013",None,
Memeshikute,Golden Bomber,2009,E Standard,Golden Bomber Song Pack,"December 17, 2013",None,
Earphone,Golden Bomber,2012,E♭ Standard,Golden Bomber Song Pack,"December 17, 2013",None,
Death Mental,Golden Bomber,2012,E Standard,Golden Bomber Song Pack,"December 17, 2013",None,
Same Old Song and Dance,Aerosmith,1974,E Standard,Aerosmith Song Pack,"January 7, 2014",None,
Sweet Emotion,Aerosmith,1975,E Standard,Aerosmith Song Pack,"January 7, 2014",None,
Legendary Child,Aerosmith,2012,E Standard,Aerosmith Song Pack,"January 7, 2014",None,
Dream On,Aerosmith,1973,E Standard: A444,Aerosmith Song Pack,"January 7, 2014",None,
Oh Yeah,Aerosmith,2012,E Standard,Aerosmith Song Pack,"January 7, 2014",None,
Live Forever,Oasis,1994,E Standard: A449,Oasis Song Pack,"January 14, 2014",None,
Supersonic,Oasis,1994,E Standard,Oasis Song Pack,"January 14, 2014",None,
Champagne Supernova,Oasis,1995,E Standard: A443,Oasis Song Pack,"January 14, 2014",None,
Some Might Say,Oasis,1995,E Standard: A450,Oasis Song Pack,"January 14, 2014",None,
Wonderwall,Oasis,1995,Capo Required,Oasis Song Pack,"January 14, 2014",None,
Atarashii Hikari,9mm Parabellum Bullet,2011,Drop D,None,"January 14, 2014",None,
Punishment,9mm Parabellum Bullet,2007,E Standard,None,"January 14, 2014",None,
Buddy Holly,Weezer,1994,E♭ Standard,Weezer Song Pack,"January 21, 2014",None,
My Name Is Jonas,Weezer,1994,E♭ Standard,Weezer Song Pack,"January 21, 2014",None,
Island in the Sun,Weezer,2001,E Standard,Weezer Song Pack,"January 21, 2014",None,
Undone (The Sweater Song),Weezer,1994,E♭ Standard,Weezer Song Pack,"January 21, 2014",None,
Hash Pipe,Weezer,2001,E Standard,Weezer Song Pack,"January 21, 2014",None,
Aerials,System of a Down,2002,D Drop C,System of a Down Song Pack,"January 28, 2014",None,
B.Y.O.B.,System of a Down,2004,E♭ Drop D♭,System of a Down Song Pack,"January 28, 2014",None,
Toxicity,System of a Down,2002,D Drop C,System of a Down Song Pack,"January 28, 2014",None,
From Noon Till Dawn,Straightener,2012,E♭ Standard,None,"February 4, 2014",None,
ROCKSTEADY,Straightener,2002,E♭ Standard,None,"February 4, 2014",None,
Everybody Hurts,R.E.M.,1992,E Standard,R.E.M. Song Pack,"February 4, 2014",None,
Shiny Happy People,R.E.M.,1991,E Standard,R.E.M. Song Pack,"February 4, 2014",None,
The One I Love,R.E.M.,1987,E Standard,R.E.M. Song Pack,"February 4, 2014",None,
"What's the Frequency, Kenneth?",R.E.M.,1994,E Standard,R.E.M. Song Pack,"February 4, 2014",None,
Überlin,R.E.M.,2011,D Standard,R.E.M. Song Pack,"February 4, 2014",None,
Detroit Rock City,Kiss,1976,E♭ Standard,Kiss Song Pack,"February 11, 2014",None,
Heaven's On Fire,Kiss,1984,E Standard: A431,Kiss Song Pack,"February 11, 2014",None,
I Was Made for Lovin' You,Kiss,1979,E Standard,Kiss Song Pack,"February 11, 2014",None,
Shinsekai,ACIDMAN,2013,E Standard,None,"February 18, 2014",None,
stupid,The Birthday,2006,E♭ Standard,None,"February 18, 2014",None,
PARADOX Taiso,RIZE,2008,E♭ Standard,None,"February 18, 2014",None,
Give It All,Rise Against,2004,E♭ Standard,Rise Against Song Pack,"February 18, 2014",None,
Swing Life Away,Rise Against,2004,E♭ Standard,Rise Against Song Pack,"February 18, 2014",None,
Make It Stop,Rise Against,2011,E♭ Standard,Rise Against Song Pack,"February 18, 2014",None,
Satellite,Rise Against,2011,E♭ Standard,Rise Against Song Pack,"February 18, 2014",None,
Prayer of the Refugee,Rise Against,2006,E♭ Standard,Rise Against Song Pack,"February 18, 2014",None,
Light My Fire,The Doors,1967,E Standard: A425,The Doors Song Pack,"February 25, 2014",None,
Riders on the Storm,The Doors,1971,E Standard,The Doors Song Pack,"February 25, 2014",None,
Roadhouse Blues,The Doors,1970,E Standard,The Doors Song Pack,"February 25, 2014",None,
Don't Look Back,Boston,1978,E Standard,Boston Song Pack,"March 3, 2014",None,
Foreplay/Long Time,Boston,1976,E Standard,Boston Song Pack,"March 3, 2014",None,
Hitch a Ride,Boston,1976,E Standard,Boston Song Pack,"March 3, 2014",None,
Crazy On You,Heart,1976,E Standard,None,"March 11, 2014",None,
Love Bites (So Do I),Halestorm,2012,Drop D,None,"March 11, 2014",None,
All Around Me,Flyleaf,2005,Drop D,None,"March 11, 2014",None,
It's Complicated,A Day To Remember,2010,Drop D♭,A Day To Remember 5-Song Pack,"March 18, 2014",None,
If It Means A Lot To You,A Day To Remember,2009,D Standard/Drop C [Bass],A Day To Remember 5-Song Pack,"March 18, 2014",None,
All I Want,A Day To Remember,2010,Drop C,A Day To Remember 5-Song Pack,"March 18, 2014",None,
The Downfall Of Us All,A Day To Remember,2009,Drop C,A Day To Remember 5-Song Pack,"March 18, 2014",None,
All Signs Point To Lauderdale,A Day To Remember,2010,Drop C,A Day To Remember 5-Song Pack,"March 18, 2014",None,
Unwell,Matchbox Twenty,2002,Drop D [Bass],Matchbox Twenty 5-Song Pack,"March 25, 2014",None,
She's So Mean,Matchbox Twenty,2012,Drop D [Bass],Matchbox Twenty 5-Song Pack,"March 25, 2014",None,
How Far We've Come,Matchbox Twenty,2007,E Standard,Matchbox Twenty 5-Song Pack,"March 25, 2014",None,
Push,Matchbox Twenty,1996,E♭ Standard,Matchbox Twenty 5-Song Pack,"March 25, 2014",None,
3AM,Matchbox Twenty,1996,Capo Required,Matchbox Twenty 5-Song Pack,"March 25, 2014",None,
Totalimmortal,AFI,1999,E Standard,AFI 4-Song Pack,01.04.14,None,
Silver and Cold,AFI,2003,E♭ Standard,AFI 4-Song Pack,01.04.14,None,
Miss Murder,AFI,2006,E♭ Standard,AFI 4-Song Pack,01.04.14,None,
Girl's Not Grey,AFI,2003,E♭ Standard,AFI 4-Song Pack,01.04.14,None,
Subterranean Homesick Blues,Bob Dylan,1965,E Standard,Bob Dylan 3-Song Pack,08.04.14,None,08.04.14
Like A Rolling Stone,Bob Dylan,1965,E Standard,Bob Dylan 3-Song Pack,08.04.14,None,08.04.14
Just Like A Woman,Bob Dylan,1966,Capo Required [Rhythm],Bob Dylan 3-Song Pack,08.04.14,None,08.04.14
I Think I'm Paranoid,Garbage,1998,E Standard / Drop D [Rhythm/Bass],Garbage 3-Song Pack,15.04.14,None,15.04.14
Only Happy When it Rains,Garbage,1995,E Standard,Garbage 3-Song Pack,15.04.14,None,15.04.14
Stupid Girl,Garbage,1996,E Standard,Garbage 3-Song Pack,15.04.14,None,15.04.14
Father of Mine,Everclear,1997,E Standard,None,22.04.14,None,
Tomorrow,Silverchair,1994,E Standard,None,22.04.14,None,
Two Princes,Spin Doctors,1991,E Standard,None,22.04.14,None,
Blackbird,Alter Bridge,2007,E♭ Standard / E♭ Drop D♭ [Rhythm/Bass],Alter Bridge Song Pack,29.04.14,None,
Isolation,Alter Bridge,2010,Drop C,Alter Bridge Song Pack,29.04.14,None,
Rise Today,Alter Bridge,2007,Drop D,Alter Bridge Song Pack,29.04.14,None,
Ties That Bind,Alter Bridge,2007,D Standard,Alter Bridge Song Pack,29.04.14,None,
Amber,311,2002,E Standard,311 Song Pack,"May 6, 2014",None,
Down,311,1995,E Standard,311 Song Pack,"May 6, 2014",None,
Beautiful Disaster,311,1997,E Standard,311 Song Pack,"May 6, 2014",None,
Colony of Birchmen,Mastodon,2006,D Standard,Mastodon 3-Song Pack,"May 13, 2014",None,
Oblivion,Mastodon,2009,D Drop C,Mastodon 3-Song Pack,"May 13, 2014",None,
Black Tongue,Mastodon,2011,D Standard,Mastodon 3-Song Pack,"May 13, 2014",None,
Stickshifts and Safetybelts,Cake,1996,E Standard,Cake 5-Song Pack,"May 20, 2014",None,
Short Skirt/Long Jacket,Cake,2001,E Standard,Cake 5-Song Pack,"May 20, 2014",None,
Never There,Cake,1998,E Standard,Cake 5-Song Pack,"May 20, 2014",None,
I Will Survive,Cake,1996,E Standard,Cake 5-Song Pack,"May 20, 2014",None,
The Distance,Cake,1997,E Standard,Cake 5-Song Pack,"May 20, 2014",None,
You're a Lie,Slash,2012,E♭ Standard,Slash 3-Song Pack,"May 27, 2014",None,
Back from Cali,Slash,2010,E Standard,Slash 3-Song Pack,"May 27, 2014",None,
Anastasia,Slash,2012,E♭ Standard,Slash 3-Song Pack,"May 27, 2014",None,
Fat Lip,Sum 41,2001,Drop D,Sum 41 5-Song Pack,"June 3, 2014",None,
In Too Deep,Sum 41,2001,E Standard,Sum 41 5-Song Pack,"June 3, 2014",None,
The Hell Song,Sum 41,2002,E Standard,Sum 41 5-Song Pack,"June 3, 2014",None,
Still Waiting,Sum 41,2002,E Standard,Sum 41 5-Song Pack,"June 3, 2014",None,
We're All To Blame,Sum 41,2004,E♭ Standard,Sum 41 5-Song Pack,"June 3, 2014",None,
Funk #49,James Gang,1970,E Standard,Classic Singles 3- Song Pack,"June 10, 2014",None,
Ain't No Sunshine,Bill Withers,1971,E Standard,Classic Singles 3- Song Pack,"June 10, 2014",None,
Sweet Dreams,Roy Buchanan,1972,E Standard,Classic Singles 3- Song Pack,"June 10, 2014",None,
Awake,Godsmack,2000,D Drop C,Godsmack Song Pack,"June 17, 2014",None,
I Stand Alone,Godsmack,2002,D Drop C,Godsmack Song Pack,"June 17, 2014",None,
Love-Hate-Sex-Pain,Godsmack,2010,Drop D,Godsmack Song Pack,"June 17, 2014",None,
Cryin' Like A Bitch,Godsmack,2010,Drop D,Godsmack Song Pack,"June 17, 2014",None,
Voodoo,Godsmack,1999,Drop D,Godsmack Song Pack,"June 17, 2014",None,
Walk Don't Run,The Ventures,1960,E Standard,Surf Rock 3-Song Pack,"June 24, 2014",None,
Wipe Out,The Surfaris,1963,E Standard,Surf Rock 3-Song Pack,"June 24, 2014",None,
Misirlou,Dick Dale,1962,E Standard,Surf Rock 3-Song Pack,"June 24, 2014",None,
Devil in a Midnight Mass,Billy Talent,2006,Drop D,Billy Talent Song Pack,"July 1, 2014",None,
Fallen Leaves,Billy Talent,2006,Drop D,Billy Talent Song Pack,"July 1, 2014",None,
Red Flag,Billy Talent,2006,Drop D,Billy Talent Song Pack,"July 1, 2014",None,
Try Honesty,Billy Talent,2003,Drop D,Billy Talent Song Pack,"July 1, 2014",None,
Viking Death March,Billy Talent,2012,Drop D,Billy Talent Song Pack,"July 1, 2014",None,
Can't Stand Me Now,The Libertines,2004,E Standard,The Libertines Song Pack,"July 8, 2014",None,
Don't Look Back into the Sun,The Libertines,2003,E Standard,The Libertines Song Pack,"July 8, 2014",None,
What Katie Did,The Libertines,2004,E Standard,The Libertines Song Pack,"July 8, 2014",None,
Be Quiet and Drive (Far Away),Deftones,1998,E♭ Drop D♭,Deftones Song Pack,"July 15, 2014",None,
Change (In the House of Flies),Deftones,2000,Drop C,Deftones Song Pack,"July 15, 2014",None,
Digital Bath,Deftones,2001,Drop C,Deftones Song Pack,"July 15, 2014",None,
Hole in the Earth,Deftones,2006,Drop D,Deftones Song Pack,"July 15, 2014",None,
China Grove,The Doobie Brothers,1973,E Standard,None,"July 22, 2014",None,
Escape (The Piña Colada Song),Rupert Holmes,1979,E Standard,None,"July 22, 2014",None,
Hold the Line,Toto,1978,E Standard,None,"July 22, 2014",None,
I Keep Forgettin' (Every Time You're Near),Michael McDonald,1982,E Standard,None,"July 22, 2014",None,
Kiss On My List,Daryl Hall and John Oates,1981,E Standard,None,"July 22, 2014",None,
Laid to Rest,Lamb of God,2004,Drop D,Lamb of God Song Pack,"July 29, 2014",None,
Walk With Me in Hell,Lamb of God,2006,Drop D,Lamb of God Song Pack,"July 29, 2014",None,
Ghost Walking,Lamb of God,2012,E♭ Drop D♭,Lamb of God Song Pack,"July 29, 2014",None,
Black Chandelier,Biffy Clyro,2013,E♭ Drop D♭,Biffy Clyro Song Pack,05.08.14,None,
Bubbles,Biffy Clyro,2009,E♭ Standard,Biffy Clyro Song Pack,05.08.14,None,
Many of Horror,Biffy Clyro,2009,E♭ Drop D♭,Biffy Clyro Song Pack,05.08.14,None,
Mountains,Biffy Clyro,2009,E♭ Drop D♭,Biffy Clyro Song Pack,05.08.14,None,
Stingin' Belle,Biffy Clyro,2013,Drop C,Biffy Clyro Song Pack,05.08.14,None,
Don't Speak,No Doubt,1996,E Standard,No Doubt Song Pack,12.08.14,None,
Ex-Girlfriend,No Doubt,1999,E Standard,No Doubt Song Pack,12.08.14,None,
Spiderwebs,No Doubt,1995,E Standard,No Doubt Song Pack,12.08.14,None,
Hungry Like The Wolf,Duran Duran,1982,E Standard,Duran Duran Song Pack,19.08.14,None,
Rio,Duran Duran,1982,E Standard,Duran Duran Song Pack,19.08.14,None,
Ordinary World,Duran Duran,1992,E Standard,Duran Duran Song Pack,19.08.14,None,
Rondo alla Turca,Wolfgang Amadeus Mozart,1783,E Standard,Bachsmith,26.08.14,,
Moonlight Sonata: Adagio Sostenuto,Ludwig van Beethoven,1801,E Standard,Bachsmith,26.08.14,,
In the Hall of the Mountain King,Edvard Grieg,1867,E Standard,Bachsmith,26.08.14,,
Little Fugue in G minor,Johann Sebastian Bach,1707,E Standard,Bachsmith,26.08.14,,
Ride of the Valkyries,Richard Wagner,1856,E Standard,Bachsmith,26.08.14,,
Caress Me Down,Sublime,1996,E Standard,Sublime Song Pack,02.09.14,,
Santería,Sublime,1996,E Standard,Sublime Song Pack,02.09.14,,
Smoke Two Joints,Sublime,1992,E Standard,Sublime Song Pack,02.09.14,,
What I Got,Sublime,1996,E Standard,Sublime Song Pack,02.09.14,,
Wrong Way,Sublime,1996,E Standard,Sublime Song Pack,02.09.14,,
Highway Star,Deep Purple,1972,E Standard,Single,09.09.14,,
Simple Man,Lynyrd Skynyrd,1976,E Standard,Single,09.09.14,,
Stranglehold,Ted Nugent,1975,E Standard,Single,09.09.14,,
Higher,Creed,1999,Drop D,Creed Song Pack,16.09.14,,
My Own Prison,Creed,1997,Drop D,Creed Song Pack,16.09.14,,
My Sacrifice,Creed,2001,Custom (DADADd),Creed Song Pack,16.09.14,,
One Last Breath,Creed,2001,Drop D,Creed Song Pack,16.09.14,,
With Arms Wide Open,Creed,1999,Drop D,Creed Song Pack,16.09.14,,
